Workbook

Sheet Credit Summary
B1: CHASE #3444
B2: BEGIN BALANCE | C2: CASH / CHECK DEPOSIT | D2: TOTAL CREDIT | E2: DEBIT | F2: ENDING BALANCE
A3: JAN | B3: 0 | D3: =SUM(C3:C3) | E3: ='debit summary'!B2 | F3: =B3+D3-E3
A4: FEB | B4: =F3 | D4: =SUM(C4:C4) | E4: ='debit summary'!C2 | F4: =B4+D4-E4
A5: MAR | B5: =F4 | D5: =SUM(C5:C5) | E5: ='debit summary'!D2 | F5: =B5+D5-E5
A6: APR | B6: =F5 | D6: =SUM(C6:C6) | E6: ='debit summary'!E2 | F6: =B6+D6-E6
A7: MAY | B7: =F6 | D7: =SUM(C7:C7) | E7: ='debit summary'!F2 | F7: =B7+D7-E7
A8: JUN | B8: =F7 | D8: =SUM(C8:C8) | E8: ='debit summary'!G2 | F8: =B8+D8-E8
A9: JUL | B9: =F8 | D9: =SUM(C9:C9) | E9: ='debit summary'!H2 | F9: =B9+D9-E9
A10: AUG | B10: =F9 | D10: =SUM(C10:C10) | E10: ='debit summary'!I2 | F10: =B10+D10-E10
A11: SEP | B11: =F10 | D11: =SUM(C11:C11) | E11: ='debit summary'!J2 | F11: =B11+D11-E11
A12: OCT | B12: =F11 | D12: =SUM(C12:C12) | E12: ='debit summary'!K2 | F12: =B12+D12-E12
A13: NOV | B13: =F12 | D13: =SUM(C13:C13) | E13: ='debit summary'!L2 | F13: =B13+D13-E13
A14: DEC | B14: =F13 | D14: =SUM(C14:C14) | E14: ='debit summary'!M2 | F14: =B14+D14-E14
A15: TOTAL | C15: =SUM(C3:C14) | D15: =SUM(D3:D14) | E15: ='debit summary'!N2 | F15: =F14

Sheet debit summary
A1: Merchant | B1: Jan | C1: Feb | D1: March | E1: Apr | F1: May | G1: Jun | H1: Jul | I1: Aug | J1: Sep | K1: Oct | L1: Nov | M1: Dec | N1: Total | O1: Category
A2: Total
